<?xml version="1.0" encoding="utf-8"?>
<xmlStore version="1.0">
  <schema datanodename="record">
    <field name="col00" title="Clock #"        width="9"/>
    <field name="col01" title="Trans Type"     width="4"/>
    <field name="col02" title="Cusip"          width="10"/>
    <field name="col03" title="Long Name"      width="10"/>
    <field name="col04" title="Quantity"       width="8"/>
    <field name="col05" title="Fraction Price" width="9"/>
    <field name="col06" title="Settle Date"    width="9"/>
    <field name="col07" title="Portfolio"      width="7"/>
    <field name="col08" title="ADP Number"     width="9"/>
    <field name="col09" title="Account ID"     width="10"/>
    <field name="col10" title="Reg Rep ID"     width="4"/>
    <field name="col11" title="Amt To Go "     width="10"/>
  </schema>
  <record col00="M0065920"   col01="SL"       col02="FR86000P"   col03="PCGOLD" 
	        col04="119000"     col05="96 06"    col06="2001-08-13" col07="4350" 
					col08="6011648299" col09="FLFLMTGP" col10="153"        col11="119000.0" />
  <record col00="M0065920"   col01="SL"       col02="FR86000P"   col03="PCGOLD" 
	        col04="119000"     col05="96 06"    col06="2001-08-13" col07="4350" 
					col08="6011648299" col09="FLFLMTGP" col10="153"        col11="119000.0" />
  <record col00="M0065920"   col01="SL"       col02="FR86000P"   col03="PCGOLD" 
	        col04="119000"     col05="96 06"    col06="2001-08-13" col07="4350" 
					col08="6011648299" col09="FLFLMTGP" col10="153"        col11="119000.0" />
  <record col00="M0065920"   col01="SL"       col02="FR86000P"   col03="PCGOLD" 
	        col04="119000"     col05="96 06"    col06="2001-08-13" col07="4350" 
					col08="6011648299" col09="FLFLMTGP" col10="153"        col11="119000.0" />
  <record col00="M0065920"   col01="SL"       col02="FR86000P"   col03="PCGOLD" 
	        col04="119000"     col05="96 06"    col06="2001-08-13" col07="4350" 
					col08="6011648299" col09="FLFLMTGP" col10="153"        col11="119000.0" />
  <record col00="M0065920"   col01="SL"       col02="FR86000P"   col03="PCGOLD" 
	        col04="119000"     col05="96 06"    col06="2001-08-13" col07="4350" 
					col08="6011648299" col09="FLFLMTGP" col10="153"        col11="119000.0" />
  <record col00="M0065920"   col01="SL"       col02="FR86000P"   col03="PCGOLD" 
	        col04="119000"     col05="96 06"    col06="2001-08-13" col07="4350" 
					col08="6011648299" col09="FLFLMTGP" col10="153"        col11="119000.0" />
  <record col00="M0065920"   col01="SL"       col02="FR86000P"   col03="PCGOLD" 
	        col04="119000"     col05="96 06"    col06="2001-08-13" col07="4350" 
					col08="6011648299" col09="FLFLMTGP" col10="153"        col11="119000.0" />
  <record col00="M0065920"   col01="SL"       col02="FR86000P"   col03="PCGOLD" 
	        col04="119000"     col05="96 06"    col06="2001-08-13" col07="4350" 
					col08="6011648299" col09="FLFLMTGP" col10="153"        col11="119000.0" />
  <record col00="M0065920"   col01="SL"       col02="FR86000P"   col03="PCGOLD" 
	        col04="119000"     col05="96 06"    col06="2001-08-13" col07="4350" 
					col08="6011648299" col09="FLFLMTGP" col10="153"        col11="119000.0" />
  <record col00="M0065920"   col01="SL"       col02="FR86000P"   col03="PCGOLD" 
	        col04="119000"     col05="96 06"    col06="2001-08-13" col07="4350" 
					col08="6011648299" col09="FLFLMTGP" col10="153"        col11="119000.0" />
  <record col00="M0065920"   col01="SL"       col02="FR86000P"   col03="PCGOLD" 
	        col04="119000"     col05="96 06"    col06="2001-08-13" col07="4350" 
					col08="6011648299" col09="FLFLMTGP" col10="153"        col11="119000.0" />
  <record col00="M0065920"   col01="SL"       col02="FR86000P"   col03="PCGOLD" 
	        col04="119000"     col05="96 06"    col06="2001-08-13" col07="4350" 
					col08="6011648299" col09="FLFLMTGP" col10="153"        col11="119000.0" />
  <record col00="M0065920"   col01="SL"       col02="FR86000P"   col03="PCGOLD" 
	        col04="119000"     col05="96 06"    col06="2001-08-13" col07="4350" 
					col08="6011648299" col09="FLFLMTGP" col10="153"        col11="119000.0" />
  <record col00="M0065920"   col01="SL"       col02="FR86000P"   col03="PCGOLD" 
	        col04="119000"     col05="96 06"    col06="2001-08-13" col07="4350" 
					col08="6011648299" col09="FLFLMTGP" col10="153"        col11="119000.0" />
  <record col00="M0065920"   col01="SL"       col02="FR86000P"   col03="PCGOLD" 
	        col04="119000"     col05="96 06"    col06="2001-08-13" col07="4350" 
					col08="6011648299" col09="FLFLMTGP" col10="153"        col11="119000.0" />
  <record col00="M0065920"   col01="SL"       col02="FR86000P"   col03="PCGOLD" 
	        col04="119000"     col05="96 06"    col06="2001-08-13" col07="4350" 
					col08="6011648299" col09="FLFLMTGP" col10="153"        col11="119000.0" />
  <record col00="M0065920"   col01="SL"       col02="FR86000P"   col03="PCGOLD" 
	        col04="119000"     col05="96 06"    col06="2001-08-13" col07="4350" 
					col08="6011648299" col09="FLFLMTGP" col10="153"        col11="119000.0" />
  <record col00="M0065920"   col01="SL"       col02="FR86000P"   col03="PCGOLD" 
	        col04="119000"     col05="96 06"    col06="2001-08-13" col07="4350" 
					col08="6011648299" col09="FLFLMTGP" col10="153"        col11="119000.0" />
  <record col00="M0065920"   col01="SL"       col02="FR86000P"   col03="PCGOLD" 
	        col04="119000"     col05="96 06"    col06="2001-08-13" col07="4350" 
					col08="6011648299" col09="FLFLMTGP" col10="153"        col11="119000.0" />
  <record col00="M0065920"   col01="SL"       col02="FR86000P"   col03="PCGOLD" 
	        col04="119000"     col05="96 06"    col06="2001-08-13" col07="4350" 
					col08="6011648299" col09="FLFLMTGP" col10="153"        col11="119000.0" />
  <record col00="M0065920"   col01="SL"       col02="FR86000P"   col03="PCGOLD" 
	        col04="119000"     col05="96 06"    col06="2001-08-13" col07="4350" 
					col08="6011648299" col09="FLFLMTGP" col10="153"        col11="119000.0" />
  <record col00="M0065920"   col01="SL"       col02="FR86000P"   col03="PCGOLD" 
	        col04="119000"     col05="96 06"    col06="2001-08-13" col07="4350" 
					col08="6011648299" col09="FLFLMTGP" col10="153"        col11="119000.0" />
  <record col00="M0065920"   col01="SL"       col02="FR86000P"   col03="PCGOLD" 
	        col04="119000"     col05="96 06"    col06="2001-08-13" col07="4350" 
					col08="6011648299" col09="FLFLMTGP" col10="153"        col11="119000.0" />
  <record col00="M0065920"   col01="SL"       col02="FR86000P"   col03="PCGOLD" 
	        col04="119000"     col05="96 06"    col06="2001-08-13" col07="4350" 
					col08="6011648299" col09="FLFLMTGP" col10="153"        col11="119000.0" />
  <record col00="M0065920"   col01="SL"       col02="FR86000P"   col03="PCGOLD" 
	        col04="119000"     col05="96 06"    col06="2001-08-13" col07="4350" 
					col08="6011648299" col09="FLFLMTGP" col10="153"        col11="119000.0" />
  <record col00="M0065920"   col01="SL"       col02="FR86000P"   col03="PCGOLD" 
	        col04="119000"     col05="96 06"    col06="2001-08-13" col07="4350" 
					col08="6011648299" col09="FLFLMTGP" col10="153"        col11="119000.0" />
  <record col00="M0065920"   col01="SL"       col02="FR86000P"   col03="PCGOLD" 
	        col04="119000"     col05="96 06"    col06="2001-08-13" col07="4350" 
					col08="6011648299" col09="FLFLMTGP" col10="153"        col11="119000.0" />
  <record col00="M0065920"   col01="SL"       col02="FR86000P"   col03="PCGOLD" 
	        col04="119000"     col05="96 06"    col06="2001-08-13" col07="4350" 
					col08="6011648299" col09="FLFLMTGP" col10="153"        col11="119000.0" />
  <record col00="M0065920"   col01="SL"       col02="FR86000P"   col03="PCGOLD" 
	        col04="119000"     col05="96 06"    col06="2001-08-13" col07="4350" 
					col08="6011648299" col09="FLFLMTGP" col10="153"        col11="119000.0" />
  <record col00="M0065920"   col01="SL"       col02="FR86000P"   col03="PCGOLD" 
	        col04="119000"     col05="96 06"    col06="2001-08-13" col07="4350" 
					col08="6011648299" col09="FLFLMTGP" col10="153"        col11="119000.0" />
  <record col00="M0065920"   col01="SL"       col02="FR86000P"   col03="PCGOLD" 
	        col04="119000"     col05="96 06"    col06="2001-08-13" col07="4350" 
					col08="6011648299" col09="FLFLMTGP" col10="153"        col11="119000.0" />
  <record col00="M0065920"   col01="SL"       col02="FR86000P"   col03="PCGOLD" 
	        col04="119000"     col05="96 06"    col06="2001-08-13" col07="4350" 
					col08="6011648299" col09="FLFLMTGP" col10="153"        col11="119000.0" />
  <record col00="M0065920"   col01="SL"       col02="FR86000P"   col03="PCGOLD" 
	        col04="119000"     col05="96 06"    col06="2001-08-13" col07="4350" 
					col08="6011648299" col09="FLFLMTGP" col10="153"        col11="119000.0" />
  <record col00="M0065920"   col01="SL"       col02="FR86000P"   col03="PCGOLD" 
	        col04="119000"     col05="96 06"    col06="2001-08-13" col07="4350" 
					col08="6011648299" col09="FLFLMTGP" col10="153"        col11="119000.0" />
  <record col00="M0065920"   col01="SL"       col02="FR86000P"   col03="PCGOLD" 
	        col04="119000"     col05="96 06"    col06="2001-08-13" col07="4350" 
					col08="6011648299" col09="FLFLMTGP" col10="153"        col11="119000.0" />
  <record col00="M0065920"   col01="SL"       col02="FR86000P"   col03="PCGOLD" 
	        col04="119000"     col05="96 06"    col06="2001-08-13" col07="4350" 
					col08="6011648299" col09="FLFLMTGP" col10="153"        col11="119000.0" />
  <record col00="M0065920"   col01="SL"       col02="FR86000P"   col03="PCGOLD" 
	        col04="119000"     col05="96 06"    col06="2001-08-13" col07="4350" 
					col08="6011648299" col09="FLFLMTGP" col10="153"        col11="119000.0" />
  <record col00="M0065920"   col01="SL"       col02="FR86000P"   col03="PCGOLD" 
	        col04="119000"     col05="96 06"    col06="2001-08-13" col07="4350" 
					col08="6011648299" col09="FLFLMTGP" col10="153"        col11="119000.0" />
  <record col00="M0065920"   col01="SL"       col02="FR86000P"   col03="PCGOLD" 
	        col04="119000"     col05="96 06"    col06="2001-08-13" col07="4350" 
					col08="6011648299" col09="FLFLMTGP" col10="153"        col11="119000.0" />
  <record col00="M0065920"   col01="SL"       col02="FR86000P"   col03="PCGOLD" 
	        col04="119000"     col05="96 06"    col06="2001-08-13" col07="4350" 
					col08="6011648299" col09="FLFLMTGP" col10="153"        col11="119000.0" />
  <record col00="M0065920"   col01="SL"       col02="FR86000P"   col03="PCGOLD" 
	        col04="119000"     col05="96 06"    col06="2001-08-13" col07="4350" 
					col08="6011648299" col09="FLFLMTGP" col10="153"        col11="119000.0" />
  <record col00="M0065920"   col01="SL"       col02="FR86000P"   col03="PCGOLD" 
	        col04="119000"     col05="96 06"    col06="2001-08-13" col07="4350" 
					col08="6011648299" col09="FLFLMTGP" col10="153"        col11="119000.0" />
  <record col00="M0065920"   col01="SL"       col02="FR86000P"   col03="PCGOLD" 
	        col04="119000"     col05="96 06"    col06="2001-08-13" col07="4350" 
					col08="6011648299" col09="FLFLMTGP" col10="153"        col11="119000.0" />
  <record col00="M0065920"   col01="SL"       col02="FR86000P"   col03="PCGOLD" 
	        col04="119000"     col05="96 06"    col06="2001-08-13" col07="4350" 
					col08="6011648299" col09="FLFLMTGP" col10="153"        col11="119000.0" />
  <record col00="M0065920"   col01="SL"       col02="FR86000P"   col03="PCGOLD" 
	        col04="119000"     col05="96 06"    col06="2001-08-13" col07="4350" 
					col08="6011648299" col09="FLFLMTGP" col10="153"        col11="119000.0" />
  <record col00="M0065920"   col01="SL"       col02="FR86000P"   col03="PCGOLD" 
	        col04="119000"     col05="96 06"    col06="2001-08-13" col07="4350" 
					col08="6011648299" col09="FLFLMTGP" col10="153"        col11="119000.0" />
  <record col00="M0065920"   col01="SL"       col02="FR86000P"   col03="PCGOLD" 
	        col04="119000"     col05="96 06"    col06="2001-08-13" col07="4350" 
					col08="6011648299" col09="FLFLMTGP" col10="153"        col11="119000.0" />
  <record col00="M0065920"   col01="SL"       col02="FR86000P"   col03="PCGOLD" 
	        col04="119000"     col05="96 06"    col06="2001-08-13" col07="4350" 
					col08="6011648299" col09="FLFLMTGP" col10="153"        col11="119000.0" />
  <record col00="M0065920"   col01="SL"       col02="FR86000P"   col03="PCGOLD" 
	        col04="119000"     col05="96 06"    col06="2001-08-13" col07="4350" 
					col08="6011648299" col09="FLFLMTGP" col10="153"        col11="119000.0" />
  <record col00="M0065920"   col01="SL"       col02="FR86000P"   col03="PCGOLD" 
	        col04="119000"     col05="96 06"    col06="2001-08-13" col07="4350" 
					col08="6011648299" col09="FLFLMTGP" col10="153"        col11="119000.0" />
</xmlStore>
